{
  "signature_dct": [
    [
      0.0,
      0.5388907194137573,
      -0.18269123136997223,
      0.0,
      0.0,
      0.0,
      0.0,
      0.0
    ],
    [
      0.08111786842346191,
      0.3917793035507202,
      -0.4136144816875458,
      0.0,
      0.0,
      0.0,
      0.0,
      0.0
    ],
    [
      0.18032415211200714,
      -0.5575040578842163,
      0.0378386564552784,
      0.0,
      0.0,
      0.0,
      0.0,
      0.0
    ],
    [
      0.0,
      0.0,
      0.0,
      0.0,
      0.0,
      0.0,
      0.0,
      0.0
    ],
    [
      0.0,
      0.0,
      0.0,
      0.0,
      0.0,
      0.0,
      0.0,
      0.0
    ],
    [
      0.0,
      0.0,
      0.0,
      0.0,
      0.0,
      0.0,
      0.0,
      0.0
    ],
    [
      0.0,
      0.0,
      0.0,
      0.0,
      0.0,
      0.0,
      0.0,
      0.0
    ],
    [
      0.0,
      0.0,
      0.0,
      0.0,
      0.0,
      0.0,
      0.0,
      0.0
    ]
  ],
  "temporal_signature": [
    0.0,
    0.2079116851091385,
    0.4067366421222687,
    0.5877852439880371,
    0.7431448101997375,
    0.8660253882408142,
    0.9510565400123596,
    0.9945219159126282,
    0.9945219159126282,
    0.9510565400123596,
    0.8660253882408142,
    0.7431448101997375,
    0.5877852439880371,
    0.4067366421222687,
    0.2079116851091385,
    5.665538686387998e-16,
    -0.2079116851091385,
    -0.4067366421222687,
    -0.5877852439880371,
    -0.7431448101997375,
    -0.8660253882408142,
    -0.9510565400123596,
    -0.9945219159126282,
    -0.9945219159126282,
    -0.9510565400123596,
    -0.8660253882408142,
    -0.7431448101997375,
    -0.5877852439880371,
    -0.4067366421222687,
    -0.2079116851091385
  ],
  "epsilon": 0.004999999888241291,
  "frequency_band": "low",
  "temporal_period": 30,
  "seed": 42
}