{
  "signature_dct": [
    [
      0.0,
      -0.5583524703979492,
      0.321149080991745,
      0.0,
      0.0,
      0.0,
      0.0,
      0.0
    ],
    [
      -0.5226966142654419,
      -0.259568452835083,
      0.20604923367500305,
      0.0,
      0.0,
      0.0,
      0.0,
      0.0
    ],
    [
      0.354973167181015,
      0.20408400893211365,
      -0.1696731150150299,
      0.0,
      0.0,
      0.0,
      0.0,
      0.0
    ],
    [
      0.0,
      0.0,
      0.0,
      0.0,
      0.0,
      0.0,
      0.0,
      0.0
    ],
    [
      0.0,
      0.0,
      0.0,
      0.0,
      0.0,
      0.0,
      0.0,
      0.0
    ],
    [
      0.0,
      0.0,
      0.0,
      0.0,
      0.0,
      0.0,
      0.0,
      0.0
    ],
    [
      0.0,
      0.0,
      0.0,
      0.0,
      0.0,
      0.0,
      0.0,
      0.0
    ],
    [
      0.0,
      0.0,
      0.0,
      0.0,
      0.0,
      0.0,
      0.0,
      0.0
    ]
  ],
  "temporal_signature": [
    0.0,
    0.2079116851091385,
    0.4067366421222687,
    0.5877852439880371,
    0.7431448101997375,
    0.8660253882408142,
    0.9510565400123596,
    0.9945219159126282,
    0.9945219159126282,
    0.9510565400123596,
    0.8660253882408142,
    0.7431448101997375,
    0.5877852439880371,
    0.4067366421222687,
    0.2079116851091385,
    5.665538686387998e-16,
    -0.2079116851091385,
    -0.4067366421222687,
    -0.5877852439880371,
    -0.7431448101997375,
    -0.8660253882408142,
    -0.9510565400123596,
    -0.9945219159126282,
    -0.9945219159126282,
    -0.9510565400123596,
    -0.8660253882408142,
    -0.7431448101997375,
    -0.5877852439880371,
    -0.4067366421222687,
    -0.2079116851091385
  ],
  "epsilon": 0.009999999776482582,
  "frequency_band": "low",
  "temporal_period": 30,
  "seed": 42
}